Title,Description,Link,Guid
Andrew's move out of Royal Lodge may not happen until new year,"There are also no plans to formally remove Andrew from the line of succession, the government says.",https://www.bbc.com/news/articles/c2emmdnw82yo?at_medium=RSS&at_campaign=rss,https://www.bbc.com/news/articles/c2emmdnw82yo#0
"Why Sarah Ferguson, Beatrice and Eugenie can't escape the taint of family scandal",The scandal engulfing Andrew is of his own making but has had a profound impact on his immediate family.,https://www.bbc.com/news/articles/cy8vrzpgxnro?at_medium=RSS&at_campaign=rss,https://www.bbc.com/news/articles/cy8vrzpgxnro#0
"'We need food, we have no food' - desperation takes hold in Jamaica after hurricane","People in Black River have not seen any aid, telling the BBC that they are fighting to survive.",https://www.bbc.com/news/articles/c0jdd186l0go?at_medium=RSS&at_campaign=rss,https://www.bbc.com/news/articles/c0jdd186l0go#0
Cruise cancelled following death of woman left behind on island,The Coral Adventurer was just two days into a 60-day voyage at the time of Suzanne Rees' death.,https://www.bbc.com/news/articles/c5y44ly3vg2o?at_medium=RSS&at_campaign=rss,https://www.bbc.com/news/articles/c5y44ly3vg2o#0
Samia wins Tanzania election with 98% of votes amid unrest ,Demonstrations continued on Friday as young protesters denounced the election as unfair. ,https://www.bbc.com/news/articles/cm2ww0e0jewo?at_medium=RSS&at_campaign=rss,https://www.bbc.com/news/articles/cm2ww0e0jewo#0
Halloween 2025: All the celebrity costumes at Heidi Klum's party,Stars showed out in their Halloween best at Heidi Klum's annual party.,https://www.bbc.com/news/articles/c4gpwn5v072o?at_medium=RSS&at_campaign=rss,https://www.bbc.com/news/articles/c4gpwn5v072o#0
Strictly pros transform into ghouls for Halloween week - and a Celebrity Traitor guest stars,It comes as speculation continues over who will replace presenters Tess Daly and Claudia Winkleman.,https://www.bbc.com/news/articles/c2lp72n0p0vo?at_medium=RSS&at_campaign=rss,https://www.bbc.com/news/articles/c2lp72n0p0vo#0
How will Andrew's titles be removed and what happens next?,"The language of Buckingham Palace's statement is ""very brutal"", royal historian Kelly Swaby tells the BBC.",https://www.bbc.com/news/articles/c5ylk9r336zo?at_medium=RSS&at_campaign=rss,https://www.bbc.com/news/articles/c5ylk9r336zo#1
The King is expected to fund Andrew's move - but where does he get his money?,"The language of Buckingham Palace's statement is ""very brutal"", royal historian Kelly Swaby tells the BBC.",https://www.bbc.com/news/articles/cwy5lzq94gqo?at_medium=RSS&at_campaign=rss,https://www.bbc.com/news/articles/cwy5lzq94gqo#1
The houses on the sprawling Sandringham Estate that could become Andrew's next home,The sprawling Norfolk estate is home to several properties - here is a look at where Andrew might be moving in.,https://www.bbc.com/news/articles/c201zvrpvw9o?at_medium=RSS&at_campaign=rss,https://www.bbc.com/news/articles/c201zvrpvw9o#1
Is this finally rock bottom for Mr Andrew Mountbatten Windsor?,"Stripping Andrew of the title 'prince' is colossal, says the BBC's royal correspondent Sean Coughlan.",https://www.bbc.com/news/articles/c62elnjnqqxo?at_medium=RSS&at_campaign=rss,https://www.bbc.com/news/articles/c62elnjnqqxo#1
"At 21, I was crushed by a stranger's joke about going bald. Then the way I looked at myself changed","There are multiple ways for men to combat hair loss now, but should they have to? ",https://www.bbc.com/news/articles/c993ygv9g25o?at_medium=RSS&at_campaign=rss,https://www.bbc.com/news/articles/c993ygv9g25o#3
The Papers: 'Downfall of a prince' and 'something completely Python',The loss of Andrew's titles continues to dominate the papers on Saturday morning.,https://www.bbc.com/news/articles/crmxx7jnpw3o?at_medium=RSS&at_campaign=rss,https://www.bbc.com/news/articles/crmxx7jnpw3o#3
"Egypt's Grand Museum opens, displaying Tutankhamun tomb in full for first time",The launch of the billion-dollar site sees fresh calls for the return of antiquities held in museums overseas.,https://www.bbc.com/news/articles/ckg4q403rpzo?at_medium=RSS&at_campaign=rss,https://www.bbc.com/news/articles/ckg4q403rpzo#3
Homes without lounges now a reality for renters,Nearly a third of homes advertised on a property sharing website had no living room.,https://www.bbc.com/news/articles/c93063q2lzeo?at_medium=RSS&at_campaign=rss,https://www.bbc.com/news/articles/c93063q2lzeo#3
Hand of Moscow? The men jailed for vandalism in French hybrid warfare case,"Three Bulgarians are jailed for painting red hands on France's Holocaust Memorial in a suspected case of Russian ""destabilisation"".",https://www.bbc.com/news/articles/c891d43l8pyo?at_medium=RSS&at_campaign=rss,https://www.bbc.com/news/articles/c891d43l8pyo#3
"She's a pop star, he's a former PM - why Katy Perry and Justin Trudeau just might work",Both the former Canadian prime minister and the California Girl singer have been through high and lows of public opinion. ,https://www.bbc.com/news/articles/cn09r01k9yqo?at_medium=RSS&at_campaign=rss,https://www.bbc.com/news/articles/cn09r01k9yqo#3
'Plan your exit like a celebrity' - why young people are being encouraged to write wills,"At the start of Will Aid, young people are being encouraged to make their dying wishes known.",https://www.bbc.com/news/articles/ce3xqq4np40o?at_medium=RSS&at_campaign=rss,https://www.bbc.com/news/articles/ce3xqq4np40o#3
'No inch here was spared': Hurricane Melissa destroys Jamaica town,"The BBC’s Nada Tawfik reports from Black River, where the strongest storm to hit the country in modern history has left scenes of desperation.",https://www.bbc.com/news/videos/ce3xxzg09gro?at_medium=RSS&at_campaign=rss,https://www.bbc.com/news/videos/ce3xxzg09gro#5
How two brothers helped propel grime into the mainstream,They changed the face of British music when they formed the label after their rap crew disbanded.,https://www.bbc.com/news/articles/c3w9x86p9ndo?at_medium=RSS&at_campaign=rss,https://www.bbc.com/news/articles/c3w9x86p9ndo#5
'Nobody owns the sand': The 12-metre fence dividing an affluent beach town,Residents in Sandbanks are arguing over access to a beach which has been fenced off by homeowners.,https://www.bbc.com/news/articles/cgkznrjme1po?at_medium=RSS&at_campaign=rss,https://www.bbc.com/news/articles/cgkznrjme1po#5
'I was accused of spying and beaten' - a boy's escape from captured Sudan city,A 12-year-old tells the BBC that in the chaos he lost contact with his family and is now on his own at a camp.,https://www.bbc.com/news/articles/clyk1nq6v4lo?at_medium=RSS&at_campaign=rss,https://www.bbc.com/news/articles/clyk1nq6v4lo#5
Four easy ways to spend less and save more money,"If you're struggling to get on top of your money, here are four ways to help you manage it better. ",https://www.bbc.com/news/articles/c6258nn89dgo?at_medium=RSS&at_campaign=rss,https://www.bbc.com/news/articles/c6258nn89dgo#5
Meet the 'silver influencers' taking TikTok and Instagram by storm,Older women are carving out a niche online for people who want authentic content.,https://www.bbc.com/news/articles/clykwk9vwryo?at_medium=RSS&at_campaign=rss,https://www.bbc.com/news/articles/clykwk9vwryo#5
Ex-sergeant major jailed for six months for sexual assault of soldier who took her own life,"Michael Webber admitted sexually assaulting Jaysley Beck, 19, who later took her own life.",https://www.bbc.com/news/articles/cvgd1zk5nrgo?at_medium=RSS&at_campaign=rss,https://www.bbc.com/news/articles/cvgd1zk5nrgo#5
BBC News app,"Top stories, breaking news, live reporting, and follow news topics that match your interests",https://www.bbc.co.uk/news/10628994?at_medium=RSS&at_campaign=rss,https://www.bbc.co.uk/news/10628994#6
The Week: The King v Andrew And Possible Tax Rises,Why did the King choose now to strip Andrew of his titles?,https://www.bbc.co.uk/sounds/play/p0mcy5jj?at_medium=RSS&at_campaign=rss,https://www.bbc.co.uk/sounds/play/p0mcy5jj#7
A New Generational Divide: Living with(out) the Bank of Mum and Dad (Eliza Filby),Historian Dr Eliza Filby on how young people can thrive without leaning on family wealth.,https://www.bbc.co.uk/sounds/play/m002lfft?at_medium=RSS&at_campaign=rss,https://www.bbc.co.uk/sounds/play/m002lfft#7
Aliens are invading in this sci-fi Spielberg epic,Roy Neary has an encounter with an alien spacecraft and becomes consumed with the desire to see it again,https://www.bbc.co.uk/iplayer/episode/m002l55s?at_mid=CYR2LRhPpK&at_campaign=Close_Encounters_of_the_Third_Kind&at_medium=display_ad&at_campaign_type=owned&at_nation=NET&at_audience_id=SS&at_product=iplayer&at_brand=m002l55s&at_ptr_name=bbc&at_ptr_type=media&at_format=image&at_objective=consumption&at_link_title=Close_Encounters_of_the_Third_Kind&at_bbc_team=BBC&at_creation=Film,https://www.bbc.co.uk/iplayer/episode/m002l55s?at_mid=CYR2LRhPpK&at_campaign=Close_Encounters_of_the_Third_Kind&at_medium=display_ad&at_campaign_type=owned&at_nation=NET&at_audience_id=SS&at_product=iplayer&at_brand=m002l55s&at_ptr_name=bbc&at_ptr_type=media&at_format=image&at_objective=consumption&at_link_title=Close_Encounters_of_the_Third_Kind&at_bbc_team=BBC&at_creation=Film#8
Horrifyingly good movie music? It's a scream!,"Neil Brand explores Hammer's modernist soundtracks, and explains how scary music works.",https://www.bbc.co.uk/sounds/play/m001f6bj?at_mid=gxZcY1DUwj&at_campaign=Music_To_Scream_To_The_Hammer_Horror_Soundtracks&at_medium=display_ad&at_campaign_type=owned&at_nation=NET&at_audience_id=SS&at_product=sounds&at_brand=m001f6bj&at_ptr_name=bbc&at_ptr_type=media&at_format=image&at_objective=consumption&at_link_title=Music_To_Scream_To_The_Hammer_Horror_Soundtracks&at_bbc_team=BBC,https://www.bbc.co.uk/sounds/play/m001f6bj?at_mid=gxZcY1DUwj&at_campaign=Music_To_Scream_To_The_Hammer_Horror_Soundtracks&at_medium=display_ad&at_campaign_type=owned&at_nation=NET&at_audience_id=SS&at_product=sounds&at_brand=m001f6bj&at_ptr_name=bbc&at_ptr_type=media&at_format=image&at_objective=consumption&at_link_title=Music_To_Scream_To_The_Hammer_Horror_Soundtracks&at_bbc_team=BBC#8
Get spooked by a classic horror film tonight,"Horror-suspense story about Michael Myers, a murderous lunatic who escapes incarceration.",https://www.bbc.co.uk/iplayer/episode/b007494k/halloween?at_mid=qEfkBIXM8b&at_campaign=Halloween&at_medium=display_ad&at_campaign_type=owned&at_nation=NET&at_audience_id=SS&at_product=iplayer&at_brand=b007494k&at_ptr_name=bbc&at_ptr_type=media&at_format=image&at_objective=consumption&at_link_title=Halloween&at_bbc_team=BBC&at_creation=Film,https://www.bbc.co.uk/iplayer/episode/b007494k/halloween?at_mid=qEfkBIXM8b&at_campaign=Halloween&at_medium=display_ad&at_campaign_type=owned&at_nation=NET&at_audience_id=SS&at_product=iplayer&at_brand=b007494k&at_ptr_name=bbc&at_ptr_type=media&at_format=image&at_objective=consumption&at_link_title=Halloween&at_bbc_team=BBC&at_creation=Film#8
"Pickford on England records, World Cup dream & love of motocross","Jordan Pickford sits down with Kelly Somers to discuss life at Everton, keeping clean sheets for England, a World Cup dream and a love of motocross.",https://www.bbc.com/sport/football/articles/clyk1nwg0wdo?at_medium=RSS&at_campaign=rss,https://www.bbc.com/sport/football/articles/clyk1nwg0wdo#9
'From black and white football to full colour' - Emery's three years at Villa,"As Unai Emery marks three years at Aston Villa, Guillem Balague looks at his journey to Villa Park and his bid to ""awaken the giant"".",https://www.bbc.com/sport/football/articles/c9d6xd6g182o?at_medium=RSS&at_campaign=rss,https://www.bbc.com/sport/football/articles/c9d6xd6g182o#9
Being dropped for Hampton 'felt unjust' - Earps,"Former England goalkeeper Mary Earps claims she told Lionesses boss Sarina Wiegman she was rewarding ""bad behaviour"" when she recalled Hannah Hampton to the squad despite previously dropping her.",https://www.bbc.com/sport/football/articles/c62ee9e5gyyo?at_medium=RSS&at_campaign=rss,https://www.bbc.com/sport/football/articles/c62ee9e5gyyo#9
England's 'make or break' week - Wane's big calls in bid to save Ashes,"With Jack Welsby out, AJ Brimson in and Harry Smith recalled, England head coach Shaun Wane has made big decisions as he seeks victory over Australia. BBC Sport takes a closer look at those calls.",https://www.bbc.com/sport/rugby-league/articles/c620n7ypzqdo?at_medium=RSS&at_campaign=rss,https://www.bbc.com/sport/rugby-league/articles/c620n7ypzqdo#9
Ford and Blackett rise as England begin bid for World Cup contention,England start their autumn campaign against Australia on Saturday as they bid to show they are genuine World Cup contenders.,https://www.bbc.com/sport/rugby-union/articles/c874yvz19jqo?at_medium=RSS&at_campaign=rss,https://www.bbc.com/sport/rugby-union/articles/c874yvz19jqo#9
Luton beat Forest Green in rollercoaster seven-goal tie,Luton Town reach the FA Cup second round with an injury-time winner after Forest Green Rovers stage a remarkable comeback from three goals down in a thrilling first-round encounter.,https://www.bbc.com/sport/football/videos/cgql17k8lnxo?at_medium=RSS&at_campaign=rss,https://www.bbc.com/sport/football/videos/cgql17k8lnxo#9
Play now,Think you can work out where's hotter and colder than you today? Find out by playing our game,https://www.bbc.com/weather/articles/cwy5r7xwq8xo?at_medium=RSS&at_campaign=rss,https://www.bbc.com/weather/articles/cwy5r7xwq8xo#10
